,TransactionDate,Commodity,City,Current Price,Last Price
0,2021-10-03,Bawang Merah,Tangerang,23290.2,32251.74
1,2020-02-06,Cabai Rawit,Banjarmasin,15260.5,52623.59
2,2018-10-31,Lada,Pangkalpinang,14773.6,38610.9
3,2017-05-31,Apel,Cimahi,53777.3,18741.12
4,2020-07-21,Alpukat,Medan,79580.59,55073.11
5,2020-07-09,Bawang Putih,Madiun,28709.47,9012.36
6,2015-10-25,Bawang Putih,Manado,20196.74,71119.56
7,2019-12-08,Lada,Tarakan,67711.98,69176.83
8,2021-09-27,Bawang Putih,Bontang,38342.2,21138.3
9,2018-03-19,Alpukat,Salatiga,59348.1,65933.31
10,2015-09-17,Cengkeh,Padangpanjang,30697.44,43598.78
11,2021-02-09,Kopi,Denpasar,48604.94,56418.5
12,2019-02-24,Kopi,Tanjungbalai,18765.75,45025.88
13,2020-10-03,Mangga,Singkawang,61268.13,24726.35
14,2015-09-05,Cengkeh,Cimahi,16867.7,65316.59
15,2019-03-19,Kopi,Kendari,14552.19,47663.42
16,2019-12-28,Cengkeh,Tebingtinggi,12751.28,57853.39
17,2022-03-14,Alpukat,Tangerang Selatan,33533.49,63732.28
18,2017-03-14,Alpukat,Palopo,70094.35,54192.28
19,2015-04-25,Kopi,Sabang,74889.92,76542.65
20,2015-01-25,Cengkeh,Batam,10244.2,16448.9
21,2020-04-26,Cengkeh,Pagaralam,44137.86,67006.34
22,2021-01-31,Kopi,Meulaboh,79880.68,4962.55
23,2019-09-09,Teh,Bogor,67641.96,59292.41
24,2015-11-07,Lada,Yogyakarta,68947.4,61492.64
25,2015-06-30,Bawang Merah,Sukabumi,35936.68,27111.67
26,2022-05-11,Mangga,Kendari,47839.5,26363.65
27,2015-12-28,Mangga,Tarakan,34027.55,57866.99
28,2017-09-08,Teh,Metro,16757.14,79691.95
29,2017-08-13,Apel,Kota Administrasi Jakarta Selatan,10355.53,71728.51
30,2018-08-04,Kopi,Makassar,40150.54,76916.48
31,2018-03-21,Alpukat,Medan,7232.52,70573.76
32,2019-07-06,Cengkeh,Banjarmasin,29090.87,72271.63
33,2017-08-02,Cabai Rawit,Gorontalo,52634.73,40586.62
34,2015-09-07,Cengkeh,Cimahi,28599.1,11133.17
35,2015-07-09,Mangga,Palu,1427.46,78530.8
36,2021-08-31,Lada,Madiun,73006.67,73992.2
37,2016-10-18,Bawang Merah,Palopo,10767.35,42926.91
38,2020-02-15,Apel,Bau-Bau,9664.5,64354.3
39,2015-09-30,Cabai Rawit,Tangerang Selatan,31133.33,50883.82
40,2019-08-31,Apel,Yogyakarta,8098.11,60487.6
41,2015-10-12,Cabai Rawit,Pontianak,35444.67,68802.96
42,2017-03-21,Apel,Kota Administrasi Jakarta Utara,8850.1,52829.88
43,2015-09-05,Cabai Rawit,Palembang,19690.83,36869.46
44,2016-03-16,Alpukat,Palopo,5154.39,73464.57
45,2019-05-21,Cengkeh,Mataram,77346.51,59084.24
46,2015-04-02,Lada,Balikpapan,56275.81,79468.12
47,2015-11-30,Apel,Dumai,21959.64,78456.26
48,2016-08-21,Kopi,Purwokerto,50138.9,32205.75
49,2020-04-03,Lada,Padangpanjang,1306.95,56887.53
50,2020-12-06,Apel,Banjarmasin,56433.92,53356.76
51,2021-02-06,Teh,Blitar,41789.99,23449.6
52,2022-08-06,Kopi,Sukabumi,77312.32,9409.61
53,2021-12-12,Kopi,Solok,33006.9,45782.5
54,2017-09-16,Cengkeh,Kota Administrasi Jakarta Barat,73817.92,64596.39
55,2021-09-23,Cabai Rawit,Kota Administrasi Jakarta Selatan,38754.7,46897.51
56,2019-06-22,Cabai Rawit,Pagaralam,71385.62,35079.39
57,2017-08-04,Teh,Meulaboh,12625.8,5414.38
58,2017-10-12,Cabai Rawit,Palembang,34339.21,61961.48
59,2017-08-29,Cabai Rawit,Metro,78852.81,7136.14
60,2022-07-07,Mangga,Bekasi,79060.14,40386.22
61,2017-08-13,Cengkeh,Tangerang Selatan,58271.24,1498.46
62,2015-12-07,Lada,Metro,66455.36,31030.56
63,2015-12-31,Bawang Putih,Palu,5712.3,32270.1
64,2015-06-06,Alpukat,Sabang,8997.26,39404.7
65,2017-05-17,Cabai Rawit,Blitar,75880.58,75721.94
66,2020-03-04,Bawang Putih,Langsa,79857.8,30328.74
67,2021-12-09,Mangga,Palembang,52975.83,43657.35
68,2015-05-12,Cengkeh,Tomohon,27448.3,68071.33
69,2016-11-07,Lada,Yogyakarta,69706.84,53364.51
70,2018-07-04,Apel,Batu,39395.95,35388.11
71,2020-01-05,Cabai Rawit,Bima,75189.31,55714.48
72,2017-07-17,Lada,Pontianak,58913.52,52924.72
73,2017-07-17,Cengkeh,Payakumbuh,2118.67,23513.95
74,2017-08-27,Lada,Tegal,69715.62,69113.17
75,2016-08-05,Lada,Bontang,69930.11,5081.92
76,2021-05-19,Teh,Mataram,27437.21,47713.85
77,2019-03-10,Alpukat,Batam,26721.72,53061.14
78,2016-09-27,Cengkeh,Langsa,68281.99,69701.0
79,2019-11-23,Lada,Bogor,78661.86,60312.9
80,2020-02-07,Lada,Pematangsiantar,47302.6,9098.69
81,2022-02-11,Cabai Rawit,Cirebon,31139.29,71714.43
82,2020-11-25,Apel,Payakumbuh,66717.27,62960.43
83,2019-09-22,Teh,Tanjungpinang,1096.88,74616.82
84,2022-01-04,Apel,Metro,16026.21,18060.29
85,2017-03-08,Teh,Banda Aceh,22247.74,34590.65
86,2018-07-10,Teh,Metro,48119.3,43123.5
87,2021-06-03,Cabai Rawit,Ternate,56950.24,69106.94
88,2020-03-24,Kopi,Surabaya,41259.47,34437.0
89,2019-03-05,Bawang Putih,Madiun,58652.49,17595.76
90,2015-04-05,Bawang Putih,Langsa,69877.87,67204.77
91,2018-03-12,Teh,Dumai,6998.11,55821.54
92,2019-04-03,Lada,Pariaman,72233.68,72729.36
93,2021-10-08,Bawang Putih,Bukittinggi,1693.6,8096.86
94,2019-10-04,Teh,Payakumbuh,56492.28,60700.17
95,2017-09-29,Kopi,Kota Administrasi Jakarta Selatan,74422.42,16158.0
96,2019-01-13,Cengkeh,Sibolga,72017.92,18351.78
97,2015-12-25,Cabai Rawit,Tanjungpinang,60130.2,60905.71
98,2019-06-18,Apel,Meulaboh,26319.18,26232.33
99,2016-01-30,Cabai Rawit,Parepare,55666.35,24121.32
100,2020-01-20,Alpukat,Tangerang,26013.85,63535.74
101,2019-11-21,Apel,Yogyakarta,14210.99,13679.92
102,2018-06-26,Alpukat,Samarinda,59063.0,70185.61
103,2019-05-12,Cabai Rawit,Sukabumi,17267.54,41042.86
104,2021-02-13,Cengkeh,Binjai,16439.41,24517.2
105,2022-01-03,Kopi,Binjai,40480.27,68670.83
106,2015-04-10,Bawang Putih,Balikpapan,1587.8,50595.53
107,2015-03-03,Lada,Surakarta,70410.93,77751.25
108,2016-11-08,Apel,Mojokerto,68278.17,76787.84
109,2016-06-28,Mangga,Meulaboh,36445.72,8433.77
110,2015-01-23,Cabai Rawit,Sorong,28767.29,58555.7
111,2017-12-28,Alpukat,Banjarbaru,70130.93,14166.33
112,2020-07-21,Bawang Putih,Banjarbaru,19857.14,66602.93
113,2016-05-29,Mangga,Pematangsiantar,38819.45,24822.96
114,2017-05-08,Lada,Sawahlunto,79473.5,29778.64
115,2017-06-04,Apel,Pekanbaru,73058.22,79925.9
116,2017-07-01,Mangga,Pematangsiantar,23592.1,32590.99
117,2020-12-31,Cabai Rawit,Malang,60807.96,67289.38
118,2019-04-29,Cengkeh,Cimahi,47899.29,31218.55
119,2016-12-17,Apel,Mojokerto,75926.93,17212.87
120,2020-08-02,Apel,Jambi,20459.66,43259.49
121,2017-06-03,Mangga,Depok,69555.26,18235.59
122,2018-12-22,Cengkeh,Pagaralam,28388.3,15206.62
123,2021-01-16,Cabai Rawit,Sibolga,64325.48,23357.93
124,2017-11-25,Kopi,Bima,11261.53,50730.93
125,2018-12-17,Bawang Putih,Singkawang,10420.61,44028.26
126,2019-12-08,Lada,Dumai,3699.6,49792.79
127,2016-12-10,Bawang Putih,Sibolga,51659.11,54476.14
128,2021-09-19,Cabai Rawit,Palu,22632.27,72785.83
129,2017-10-30,Mangga,Pariaman,49058.74,52593.23
130,2020-08-18,Lada,Depok,3426.48,49137.58
131,2016-01-24,Teh,Kota Administrasi Jakarta Utara,19002.53,66448.54
132,2020-06-14,Cabai Rawit,Singkawang,29890.8,69465.8
133,2021-10-28,Kopi,Pontianak,26267.37,54772.94
134,2018-11-16,Apel,Kota Administrasi Jakarta Barat,11384.4,28020.93
135,2021-12-19,Alpukat,Purwokerto,43526.22,75423.6
136,2019-10-29,Cengkeh,Tual,2537.52,66394.57
137,2020-02-21,Cengkeh,Mataram,20049.58,60582.0
138,2015-12-01,Teh,Bandung,60952.43,79042.54
139,2021-10-27,Lada,Tidore Kepulauan,49169.97,13923.82
140,2016-10-22,Alpukat,Meulaboh,32532.69,14904.23
141,2018-02-20,Kopi,Bekasi,63904.4,39868.68
142,2015-10-13,Cabai Rawit,Bukittinggi,25305.74,77882.43
143,2017-01-11,Kopi,Medan,7929.62,74258.53
144,2017-06-25,Cabai Rawit,Bogor,33372.5,54453.93
145,2018-01-13,Teh,Samarinda,76978.44,7148.19
146,2021-03-07,Mangga,Bandar Lampung,74499.63,23993.12
147,2016-06-16,Cengkeh,Palopo,43778.25,18958.8
148,2018-01-08,Lada,Balikpapan,8554.13,29807.46
149,2019-05-09,Alpukat,Samarinda,73371.8,48867.3
150,2020-12-23,Alpukat,Parepare,10178.99,63050.41
151,2021-07-30,Teh,Batam,58143.67,12441.64
152,2017-02-24,Alpukat,Sibolga,50743.46,73132.13
153,2021-06-19,Mangga,Singkawang,14368.76,55666.95
154,2018-05-18,Cengkeh,Kendari,39874.8,24027.36
155,2022-06-06,Mangga,Palu,31725.4,35558.56
156,2019-09-04,Kopi,Lubuklinggau,63148.11,49756.3
157,2019-07-14,Kopi,Bandung,29869.8,74100.32
158,2019-01-18,Kopi,Gorontalo,60996.86,16997.1
159,2015-06-25,Cabai Rawit,Kota Administrasi Jakarta Selatan,27334.72,27392.6
160,2019-04-23,Kopi,Kediri,60603.34,29680.13
161,2016-05-26,Apel,Kota Administrasi Jakarta Barat,26665.3,36180.24
162,2021-03-05,Cengkeh,Kota Administrasi Jakarta Utara,49056.28,32564.22
163,2018-04-24,Kopi,Tual,15466.33,21648.92
164,2018-07-30,Apel,Kota Administrasi Jakarta Selatan,70534.66,63992.56
165,2019-04-24,Cengkeh,Sabang,64003.43,67509.0
166,2015-12-05,Bawang Putih,Bandar Lampung,29665.56,62163.98
167,2020-09-30,Teh,Mataram,67270.42,65104.89
168,2021-12-30,Cengkeh,Purwokerto,52017.28,51629.99
169,2015-08-24,Cabai Rawit,Pariaman,14359.73,53493.8
170,2021-06-07,Cabai Rawit,Ternate,73439.24,71848.44
171,2022-05-21,Bawang Merah,Tanjungpinang,69101.35,35867.16
172,2019-09-11,Alpukat,Kotamobagu,10495.82,60550.99
173,2016-08-04,Cengkeh,Parepare,51868.5,75400.4
174,2021-08-12,Cengkeh,Bandung,74037.47,64223.7
175,2022-01-05,Lada,Payakumbuh,6302.14,43057.6
176,2021-03-14,Cabai Rawit,Pematangsiantar,72703.92,49858.69
177,2019-08-15,Apel,Pekalongan,15322.67,65018.39
178,2019-02-01,Bawang Merah,Tidore Kepulauan,4604.77,8430.0
179,2022-05-15,Alpukat,Makassar,78729.22,14157.39
180,2022-08-04,Lada,Kendari,24618.71,52990.5
181,2015-05-21,Lada,Pasuruan,49009.87,36876.35
182,2017-06-27,Teh,Kota Administrasi Jakarta Barat,62941.88,8644.29
183,2017-06-06,Alpukat,Pontianak,8798.64,15377.97
184,2017-10-10,Lada,Medan,30505.9,22196.49
185,2020-06-10,Bawang Putih,Padang,64327.67,37788.47
186,2021-06-12,Kopi,Subulussalam,18401.62,58008.64
187,2020-05-08,Bawang Putih,Pekanbaru,33672.8,26906.77
188,2019-05-28,Kopi,Bontang,52422.88,53657.67
189,2019-09-12,Mangga,Palangkaraya,27526.85,13031.58
190,2017-10-02,Cengkeh,Surakarta,2335.65,23422.1
191,2015-08-17,Lada,Semarang,19668.37,68661.86
192,2017-01-01,Lada,Ternate,40161.69,47796.73
193,2018-02-11,Cabai Rawit,Gorontalo,25650.25,60149.82
194,2015-04-22,Apel,Sorong,58925.64,64646.61
195,2020-11-01,Lada,Bontang,58007.38,74399.99
196,2022-02-08,Alpukat,Sabang,53425.97,60799.92
197,2019-06-25,Teh,Kediri,27137.22,34969.5
198,2019-01-07,Bawang Merah,Pontianak,68175.85,52601.6
199,2019-11-08,Lada,Surabaya,35369.25,9326.13
200,2017-09-23,Kopi,Denpasar,34425.4,27164.18
201,2021-02-27,Lada,Lubuklinggau,66775.81,2353.64
202,2016-01-11,Bawang Putih,Bukittinggi,7486.1,28895.41
203,2016-12-05,Apel,Payakumbuh,23230.3,45456.1
204,2015-01-07,Teh,Balikpapan,56974.7,9895.43
205,2015-08-27,Kopi,Yogyakarta,59205.61,39416.13
206,2022-01-05,Apel,Bandar Lampung,18510.13,2163.29
207,2018-03-21,Alpukat,Ambon,48627.53,74876.93
208,2019-11-09,Alpukat,Lubuklinggau,78403.47,45075.46
209,2018-06-16,Bawang Merah,Pasuruan,76508.16,41465.71
210,2019-06-23,Mangga,Tual,1390.97,67837.17
211,2015-03-17,Lada,Manado,58469.45,60194.4
212,2022-06-22,Alpukat,Bima,43287.18,37648.67
213,2016-10-12,Apel,Batu,48549.35,46906.82
214,2015-05-14,Cengkeh,Bengkulu,23676.87,58220.65
215,2017-11-16,Mangga,Jambi,71591.94,57822.99
216,2016-03-18,Cengkeh,Tanjungpinang,8392.23,27170.26
217,2018-10-22,Cabai Rawit,Kotamobagu,43106.21,26241.26
218,2019-02-27,Alpukat,Solok,4503.53,6806.5
219,2020-02-14,Kopi,Meulaboh,13784.54,42994.35
220,2019-01-24,Apel,Padang Sidempuan,24753.36,34472.26
221,2018-08-22,Lada,Kendari,50507.76,65866.13
222,2015-02-07,Teh,Kediri,55510.34,11339.98
223,2015-03-20,Alpukat,Pariaman,62934.82,24717.42
224,2017-06-03,Lada,Pekalongan,78802.27,43476.47
225,2016-10-13,Bawang Merah,Manado,56438.55,7238.15
226,2022-05-29,Alpukat,Tegal,69484.68,60900.95
227,2021-07-27,Bawang Merah,Jayapura,73943.95,42280.63
228,2021-02-22,Mangga,Yogyakarta,12619.24,71838.46
229,2020-10-10,Bawang Putih,Ambon,75566.42,57749.72
230,2016-11-07,Alpukat,Yogyakarta,77099.17,11810.46
231,2016-03-15,Lada,Kota Administrasi Jakarta Selatan,67718.15,31074.0
232,2019-12-22,Lada,Bima,62135.13,8391.84
233,2017-11-26,Lada,Pekalongan,67987.0,27770.24
234,2018-04-04,Kopi,Bau-Bau,72393.91,25269.57
235,2017-09-29,Alpukat,Banjarmasin,27389.65,52610.69
236,2020-12-23,Mangga,Cirebon,24175.83,65263.82
237,2015-08-02,Mangga,Kotamobagu,77334.87,50959.13
238,2020-09-30,Teh,Mataram,76756.57,8110.47
239,2021-03-02,Bawang Merah,Sorong,39828.67,25649.52
240,2019-11-22,Alpukat,Palopo,49698.21,68668.96
241,2019-03-25,Lada,Kupang,67367.5,23578.15
242,2017-11-19,Cengkeh,Serang,78237.99,71719.64
243,2015-04-15,Teh,Bekasi,57359.92,69435.8
244,2015-12-03,Cengkeh,Padang,64902.16,50908.27
245,2021-03-04,Alpukat,Bima,9505.33,52457.2
246,2017-09-04,Cengkeh,Kota Administrasi Jakarta Pusat,45207.62,12854.35
247,2019-04-29,Lada,Kotamobagu,11558.27,13951.2
248,2021-02-22,Cabai Rawit,Kediri,2804.5,61009.19
249,2018-03-18,Alpukat,Metro,59923.86,26640.76
250,2018-01-29,Teh,Langsa,59288.98,20762.21
251,2021-11-08,Cengkeh,Kota Administrasi Jakarta Timur,41776.49,1911.42
252,2017-11-01,Teh,Pasuruan,56606.38,20100.65
253,2015-06-14,Kopi,Palembang,30062.13,39047.61
254,2019-07-17,Lada,Makassar,76402.73,69576.97
255,2020-08-11,Cengkeh,Kendari,39048.5,49298.58
256,2018-08-15,Bawang Putih,Sawahlunto,55142.66,78779.15
257,2022-03-29,Apel,Palu,61554.11,70028.68
258,2021-12-19,Kopi,Cimahi,9102.94,60943.69
259,2019-04-25,Alpukat,Solok,56523.59,4251.92
260,2021-08-02,Lada,Samarinda,60296.94,58667.36
261,2020-02-27,Cabai Rawit,Kota Administrasi Jakarta Timur,46448.68,57699.54
262,2018-05-24,Mangga,Sungai Penuh,60471.73,18307.34
263,2021-08-11,Cabai Rawit,Kota Administrasi Jakarta Barat,75031.4,24375.4
264,2015-11-21,Apel,Singkawang,42710.9,17215.68
265,2021-07-08,Bawang Putih,Padang Sidempuan,46938.91,30554.86
266,2017-06-08,Cengkeh,Medan,62324.3,64741.12
267,2021-11-28,Cengkeh,Depok,7366.22,72964.78
268,2015-12-21,Alpukat,Pagaralam,43149.38,28788.44
269,2016-07-27,Cabai Rawit,Cirebon,12107.69,35411.96
270,2015-11-14,Kopi,Banjar,66478.14,37783.0
271,2018-06-21,Bawang Merah,Kota Administrasi Jakarta Timur,31792.86,31896.49
272,2015-06-29,Teh,Blitar,5654.19,39554.4
273,2015-05-14,Bawang Merah,Jambi,23978.6,59766.59
274,2018-06-20,Teh,Tebingtinggi,69703.13,5621.12
275,2021-11-08,Teh,Tebingtinggi,41107.3,10555.93
276,2017-05-05,Bawang Putih,Serang,26317.48,58330.4
277,2020-05-15,Cabai Rawit,Singkawang,51049.7,75773.63
278,2017-11-15,Cabai Rawit,Bengkulu,71696.5,65864.58
279,2022-03-21,Bawang Merah,Prabumulih,35177.95,51548.8
280,2020-04-28,Apel,Depok,69319.8,62002.86
281,2015-03-11,Mangga,Tomohon,31449.58,75412.81
282,2019-09-29,Bawang Merah,Kota Administrasi Jakarta Timur,50211.16,38957.27
283,2018-06-19,Cengkeh,Jayapura,39184.52,19479.7
284,2018-01-10,Teh,Yogyakarta,49986.38,56370.1
285,2020-12-20,Cabai Rawit,Lubuklinggau,66162.4,4617.28
286,2015-07-12,Mangga,Sabang,56606.29,64299.79
287,2017-11-02,Teh,Malang,43895.17,63973.43
288,2015-02-22,Teh,Singkawang,74241.37,8939.92
289,2020-01-16,Kopi,Lubuklinggau,32231.1,41213.18
290,2021-07-02,Lada,Subulussalam,23089.41,64436.61
291,2020-02-28,Apel,Madiun,74457.75,61406.26
292,2016-04-29,Bawang Merah,Sorong,29047.21,44214.5
293,2016-04-20,Teh,Padang,22631.58,13126.83
294,2018-10-07,Alpukat,Pekanbaru,7090.99,70485.1
295,2016-03-19,Cengkeh,Kota Administrasi Jakarta Selatan,66295.46,14192.39
296,2016-02-02,Cengkeh,Pasuruan,68844.72,45691.2
297,2020-07-07,Bawang Merah,Pariaman,78399.83,4279.38
298,2022-06-30,Apel,Kotamobagu,10091.65,15159.5
299,2020-08-24,Cengkeh,Malang,67552.21,15251.73
300,2017-04-10,Mangga,Palangkaraya,20674.51,74201.7
301,2018-08-12,Cabai Rawit,Bima,78470.94,4419.1
302,2015-08-12,Bawang Merah,Jayapura,55555.53,3834.7
303,2021-11-26,Teh,Tomohon,24345.76,47232.26
304,2015-08-05,Bawang Merah,Ambon,28109.39,60386.24
305,2021-05-15,Mangga,Bontang,66139.42,25395.19
306,2016-08-11,Cengkeh,Salatiga,61760.95,76518.22
307,2019-06-01,Bawang Merah,Palembang,3419.88,30641.4
308,2022-01-19,Teh,Tebingtinggi,37578.6,76964.16
309,2016-12-02,Teh,Dumai,74434.23,70732.24
310,2016-11-21,Cabai Rawit,Parepare,38137.49,24649.29
311,2021-10-21,Bawang Merah,Sabang,60790.76,26179.35
312,2020-01-30,Cabai Rawit,Tasikmalaya,21769.89,62275.27
313,2021-08-25,Cabai Rawit,Kediri,10671.74,44322.84
314,2021-12-29,Teh,Batam,23577.32,45422.64
315,2022-07-23,Kopi,Kota Administrasi Jakarta Pusat,32754.2,61817.57
316,2020-02-29,Cengkeh,Kota Administrasi Jakarta Timur,9135.87,64597.58
317,2018-10-07,Lada,Dumai,70650.82,15915.87
318,2016-08-07,Apel,Semarang,58372.77,62183.99
319,2017-05-31,Apel,Tangerang,33571.16,12195.21
320,2016-03-03,Bawang Putih,Metro,74041.96,49049.63
321,2016-02-17,Bawang Merah,Padang,58367.91,26473.7
322,2016-02-15,Lada,Banjarmasin,26547.59,53098.38
323,2017-05-10,Bawang Merah,Payakumbuh,36864.79,11682.54
324,2019-12-28,Bawang Merah,Tanjungbalai,31548.52,68554.83
325,2018-01-21,Bawang Putih,Subulussalam,11035.13,70819.24
326,2015-10-04,Kopi,Prabumulih,79537.75,7836.91
327,2016-09-04,Lada,Serang,77694.88,18464.25
328,2020-08-15,Teh,Lubuklinggau,60633.95,52331.3
329,2018-04-24,Alpukat,Bitung,26118.5,14848.2
330,2022-07-08,Bawang Merah,Batam,79634.98,4802.87
331,2015-07-21,Cabai Rawit,Tasikmalaya,43458.64,65623.32
332,2021-07-04,Cabai Rawit,Tomohon,62177.88,67090.87
333,2017-10-25,Bawang Merah,Purwokerto,44452.79,56109.89
334,2019-08-21,Cengkeh,Tarakan,25134.25,14618.58
335,2022-07-11,Apel,Padang,77282.41,10170.35
336,2017-11-21,Kopi,Kota Administrasi Jakarta Utara,10176.1,68979.38
337,2015-05-14,Teh,Tegal,63105.28,13606.52
338,2019-08-18,Kopi,Tebingtinggi,47219.56,29649.3
339,2021-08-13,Cengkeh,Bontang,13445.74,57428.4
340,2016-01-01,Apel,Tidore Kepulauan,14626.7,75894.1
341,2021-06-30,Lada,Kota Administrasi Jakarta Barat,66889.34,26001.39
342,2021-07-23,Bawang Merah,Sibolga,47772.68,6114.12
343,2018-07-20,Bawang Merah,Palembang,5931.62,46388.21
344,2021-03-24,Teh,Sibolga,2397.26,37668.29
345,2017-05-19,Alpukat,Gorontalo,53967.69,6865.3
346,2022-01-08,Lada,Banda Aceh,63171.82,25790.76
347,2020-10-15,Kopi,Tomohon,70632.13,29107.76
348,2016-09-16,Teh,Lhokseumawe,74825.32,7254.29
349,2020-12-23,Kopi,Mojokerto,76158.71,15449.3
350,2019-07-05,Alpukat,Bogor,18768.42,48831.57
351,2015-11-30,Bawang Putih,Surakarta,63061.14,77677.3
352,2015-11-11,Lada,Sibolga,52575.6,52381.13
353,2018-09-02,Alpukat,Jambi,7080.39,10373.65
354,2015-07-01,Kopi,Serang,74332.55,27324.26
355,2020-10-01,Cabai Rawit,Lhokseumawe,27642.49,54514.57
356,2015-04-30,Teh,Tangerang Selatan,5024.6,5378.3
357,2015-01-15,Bawang Merah,Salatiga,68437.65,18201.15
358,2019-07-12,Lada,Surakarta,3443.8,34114.9
359,2016-03-01,Mangga,Padang,25144.24,66162.61
360,2018-05-03,Cabai Rawit,Kota Administrasi Jakarta Barat,1954.28,6861.54
361,2022-05-03,Teh,Sibolga,8735.2,67022.89
362,2016-06-04,Mangga,Cilegon,46830.48,33820.66
363,2019-02-18,Alpukat,Palembang,57204.28,27236.48
364,2020-02-04,Cengkeh,Banjarbaru,31716.84,12007.21
365,2019-09-03,Bawang Merah,Jayapura,44826.82,45587.99
366,2020-06-07,Alpukat,Sungai Penuh,17646.24,16783.9
367,2018-01-18,Bawang Putih,Tanjungbalai,37313.59,61440.47
368,2021-06-17,Apel,Sabang,10004.0,40415.4
369,2016-07-27,Alpukat,Solok,11454.15,45842.83
370,2018-08-04,Mangga,Bau-Bau,46415.73,34483.39
371,2015-05-27,Bawang Putih,Langsa,30957.35,39680.95
372,2016-05-12,Bawang Putih,Bau-Bau,50844.33,37024.47
373,2022-07-01,Kopi,Batam,26413.13,35441.67
374,2021-04-27,Alpukat,Jayapura,21980.53,30683.34
375,2020-03-25,Cabai Rawit,Bogor,8376.48,12068.9
376,2020-01-01,Kopi,Tegal,18822.55,37543.57
377,2018-10-12,Lada,Pariaman,16019.72,17908.55
378,2015-06-06,Alpukat,Lubuklinggau,27512.3,67030.48
379,2020-04-09,Apel,Malang,5112.97,3625.87
380,2019-08-21,Cabai Rawit,Cimahi,35961.5,16163.89
381,2020-04-06,Kopi,Langsa,56458.54,68939.2
382,2018-04-21,Bawang Putih,Tebingtinggi,70730.3,41779.5
383,2019-03-11,Cabai Rawit,Payakumbuh,5412.5,56317.77
384,2021-07-23,Cengkeh,Tanjungbalai,4603.7,73010.28
385,2018-03-08,Apel,Palopo,25011.77,68111.82
386,2017-10-27,Kopi,Kota Administrasi Jakarta Barat,11485.8,54574.5
387,2015-05-24,Bawang Merah,Cilegon,56252.8,16413.84
388,2021-08-26,Teh,Bitung,4511.38,68232.1
389,2018-11-27,Teh,Kediri,67102.48,17244.99
390,2017-02-16,Bawang Merah,Bontang,67182.9,59300.82
391,2016-02-18,Cabai Rawit,Bau-Bau,45565.95,46955.74
392,2021-06-29,Teh,Tual,13773.4,23320.86
393,2022-08-06,Bawang Merah,Kota Administrasi Jakarta Timur,11039.6,64897.7
394,2021-11-03,Lada,Singkawang,61727.11,37633.4
395,2020-11-11,Cengkeh,Blitar,70927.8,14515.9
396,2017-03-21,Mangga,Bengkulu,36998.38,34768.22
397,2020-05-12,Alpukat,Salatiga,72855.99,23594.3
398,2017-11-06,Mangga,Bandar Lampung,44041.44,54286.21
399,2016-04-17,Cabai Rawit,Tual,50543.53,6351.41
400,2016-12-29,Cabai Rawit,Tidore Kepulauan,25556.12,44938.31
401,2015-04-14,Lada,Lhokseumawe,72630.38,14735.37
402,2018-02-04,Bawang Putih,Banjarbaru,73366.3,26629.23
403,2016-03-09,Apel,Tangerang Selatan,59802.72,28703.36
404,2017-04-19,Apel,Palangkaraya,10097.55,73203.2
405,2022-01-03,Bawang Merah,Bau-Bau,12754.26,14590.56
406,2022-02-28,Bawang Putih,Padangpanjang,42409.9,7761.9
407,2020-02-12,Lada,Pontianak,17503.72,23292.93
408,2015-06-08,Teh,Kupang,8175.8,20945.9
409,2015-05-26,Bawang Merah,Madiun,21316.93,7697.8
410,2015-06-11,Kopi,Jambi,58939.4,60437.63
411,2021-05-20,Bawang Merah,Tasikmalaya,77621.35,25731.43
412,2021-10-04,Cengkeh,Tasikmalaya,45802.68,40794.62
413,2017-08-21,Alpukat,Manado,79606.73,74115.12
414,2016-12-12,Mangga,Palopo,33083.18,38035.92
415,2016-03-04,Bawang Merah,Gorontalo,37275.12,58423.86
416,2018-07-23,Teh,Surakarta,28345.82,12125.29
417,2017-08-23,Cabai Rawit,Padang Sidempuan,12827.87,60457.85
418,2017-04-05,Bawang Merah,Balikpapan,64939.15,23743.62
419,2017-07-12,Bawang Putih,Bima,31847.28,2396.0
420,2015-01-20,Cengkeh,Balikpapan,78506.76,73718.7
421,2019-02-28,Lada,Pagaralam,44161.9,71015.49
422,2018-01-11,Alpukat,Mojokerto,58366.79,20251.4
423,2021-02-13,Alpukat,Metro,51505.46,10411.76
424,2016-10-16,Mangga,Banjarmasin,31348.1,76398.96
425,2015-10-07,Teh,Banjarbaru,28652.92,25999.73
426,2015-01-06,Cengkeh,Semarang,50654.82,29389.11
427,2018-05-07,Lada,Mojokerto,48408.46,4834.83
428,2020-08-14,Teh,Medan,24060.23,54057.55
429,2017-02-23,Kopi,Balikpapan,44883.99,17674.51
430,2018-12-27,Bawang Putih,Tual,5556.4,49262.77
431,2016-08-06,Bawang Putih,Tomohon,27958.28,29787.92
432,2021-06-14,Lada,Tasikmalaya,79851.23,77910.64
433,2015-05-04,Alpukat,Banda Aceh,63685.3,42227.8
434,2021-09-02,Cabai Rawit,Makassar,73857.13,31663.44
435,2020-02-24,Teh,Kota Administrasi Jakarta Selatan,20838.1,49114.96
436,2022-03-15,Kopi,Bitung,67817.45,72007.18
437,2019-07-07,Apel,Tangerang Selatan,3039.76,75339.88
438,2015-07-10,Bawang Putih,Mataram,26187.12,10909.45
439,2019-09-28,Bawang Putih,Sorong,60822.2,26998.83
440,2018-02-11,Kopi,Tidore Kepulauan,44524.57,42919.85
441,2020-04-07,Mangga,Balikpapan,53755.3,7050.61
442,2018-06-12,Lada,Mojokerto,40423.98,61069.96
443,2016-01-22,Cengkeh,Palangkaraya,59366.18,75609.43
444,2018-02-21,Teh,Tegal,53767.59,50280.41
445,2020-11-30,Kopi,Tanjungpinang,8431.73,34294.51
446,2018-10-29,Bawang Merah,Sibolga,15170.95,8653.58
447,2020-11-25,Alpukat,Kupang,24703.17,76256.84
448,2022-03-29,Alpukat,Ambon,47989.45,11830.15
449,2020-07-24,Bawang Merah,Banjar,75068.24,4364.34
450,2020-06-22,Alpukat,Batu,32599.38,2629.58
451,2021-06-25,Bawang Putih,Ambon,56588.8,35536.83
452,2016-02-18,Apel,Banjar,45227.79,71962.98
453,2018-03-21,Alpukat,Bogor,34130.2,39872.0
454,2020-09-27,Bawang Putih,Kota Administrasi Jakarta Selatan,63211.51,45753.76
455,2022-04-29,Alpukat,Kendari,40633.99,37312.63
456,2018-11-17,Mangga,Cilegon,21479.13,18762.98
457,2017-10-08,Bawang Putih,Sabang,62479.16,8515.7
458,2015-07-03,Apel,Pekalongan,47268.8,60757.36
459,2017-05-03,Apel,Pasuruan,60064.6,26192.34
460,2022-05-28,Alpukat,Pekalongan,42993.53,42632.71
461,2019-08-28,Alpukat,Yogyakarta,21411.6,10469.35
462,2019-02-21,Teh,Samarinda,15254.86,11004.6
463,2015-03-14,Alpukat,Lhokseumawe,10791.38,48414.69
464,2017-04-04,Bawang Merah,Lubuklinggau,15932.14,54945.16
465,2019-12-15,Apel,Manado,17275.5,14276.85
466,2020-04-08,Mangga,Sukabumi,24981.59,1776.15
467,2018-07-30,Bawang Merah,Semarang,60290.85,30182.43
468,2020-04-24,Mangga,Pagaralam,56777.92,44349.61
469,2020-12-15,Apel,Makassar,13808.7,28743.45
470,2018-02-11,Mangga,Probolinggo,27387.52,24444.65
471,2016-09-07,Cengkeh,Depok,33702.93,70768.89
472,2015-02-17,Bawang Merah,Sukabumi,48590.25,22172.65
473,2021-06-14,Lada,Mojokerto,77804.28,13563.34
474,2021-12-26,Cengkeh,Mataram,49755.75,75474.3
475,2021-03-18,Alpukat,Pekanbaru,51764.7,36214.6
476,2015-06-30,Alpukat,Bekasi,40988.32,50326.21
477,2021-04-30,Cengkeh,Palu,12492.94,59399.76
478,2017-12-29,Apel,Singkawang,32431.86,70764.56
479,2017-12-15,Lada,Ternate,68814.18,70204.5
480,2017-08-23,Cengkeh,Ternate,32733.2,43511.93
481,2018-01-23,Cabai Rawit,Manado,64227.65,71855.27
482,2016-03-26,Alpukat,Mojokerto,18380.86,68445.9
483,2017-06-13,Cengkeh,Denpasar,1002.17,73140.4
484,2018-07-12,Cengkeh,Serang,48623.9,21860.49
485,2018-06-05,Mangga,Tomohon,57640.61,15929.12
486,2019-06-16,Teh,Langsa,38955.7,43885.95
487,2021-04-09,Mangga,Jambi,65980.23,11267.98
488,2017-06-01,Bawang Putih,Palembang,14660.53,24447.2
489,2015-07-16,Cengkeh,Meulaboh,12086.71,8465.0
490,2020-03-02,Bawang Merah,Serang,42733.82,59059.25
491,2019-06-24,Cabai Rawit,Kota Administrasi Jakarta Timur,24453.44,18706.5
492,2019-11-04,Lada,Purwokerto,31338.13,64240.78
493,2017-10-05,Cengkeh,Jambi,21521.34,44501.3
494,2021-04-26,Cabai Rawit,Tebingtinggi,58565.4,52733.54
495,2016-07-11,Teh,Subulussalam,73891.29,49136.75
496,2020-10-05,Kopi,Purwokerto,27301.55,53882.47
497,2021-09-27,Apel,Sibolga,65260.44,6332.67
498,2020-06-15,Bawang Putih,Salatiga,68750.7,65386.53
499,2015-09-24,Apel,Kediri,59370.41,47008.58
500,2018-07-12,Mangga,Mataram,9119.22,74532.48
501,2022-07-05,Alpukat,Palu,79121.5,19395.84
502,2015-05-27,Kopi,Bekasi,7403.23,2288.29
503,2019-07-11,Lada,Singkawang,50670.94,5714.25
504,2020-03-21,Alpukat,Palembang,6163.41,10808.89
505,2020-05-21,Teh,Padangpanjang,69298.6,47526.84
506,2020-12-02,Kopi,Bekasi,4598.72,35307.28
507,2016-04-06,Kopi,Solok,75075.33,14757.61
508,2018-08-21,Bawang Putih,Metro,27846.22,5373.48
509,2015-08-19,Kopi,Yogyakarta,58809.53,58302.46
510,2016-10-28,Kopi,Sukabumi,63670.56,4545.92
511,2018-08-14,Bawang Putih,Tidore Kepulauan,73605.94,10593.45
512,2015-11-15,Teh,Tual,56313.53,79985.15
513,2016-04-08,Alpukat,Kendari,63563.92,36569.25
514,2018-01-15,Kopi,Ambon,10122.72,65242.8
515,2015-05-20,Cabai Rawit,Bukittinggi,45758.23,38382.95
516,2022-07-20,Teh,Kediri,4663.26,52452.26
517,2021-04-14,Kopi,Pekanbaru,9559.53,44987.83
518,2017-09-25,Alpukat,Padang,38589.19,61790.24
519,2017-05-14,Bawang Putih,Purwokerto,17626.14,49127.75
520,2017-01-04,Kopi,Pagaralam,57154.5,28808.5
521,2016-01-08,Bawang Merah,Bontang,71440.69,77647.22
522,2017-10-02,Cengkeh,Balikpapan,32257.28,4049.12
523,2019-10-10,Mangga,Langsa,44422.78,24488.9
524,2015-04-03,Kopi,Palu,70255.2,20229.3
525,2021-09-08,Bawang Putih,Tanjungbalai,20475.46,75316.22
526,2017-07-03,Bawang Merah,Gorontalo,25182.57,3975.87
527,2015-07-03,Kopi,Pagaralam,75510.6,70964.64
528,2021-08-27,Apel,Malang,41138.31,56427.62
529,2015-06-11,Cengkeh,Solok,70450.33,12420.32
530,2021-11-27,Mangga,Depok,64079.87,77557.91
531,2015-10-29,Apel,Palangkaraya,75763.79,6301.55
532,2018-06-18,Lada,Dumai,78813.99,4845.96
533,2016-01-30,Bawang Merah,Sungai Penuh,49684.88,73266.6
534,2020-01-12,Apel,Kotamobagu,65644.62,78244.92
535,2018-08-15,Bawang Merah,Tual,73756.4,4490.18
536,2022-03-19,Lada,Lubuklinggau,44172.2,67339.28
537,2016-01-15,Lada,Sabang,20757.67,8377.4
538,2015-10-31,Cabai Rawit,Sawahlunto,73391.21,73826.25
539,2022-05-15,Bawang Merah,Tegal,4893.89,37643.35
540,2019-08-19,Lada,Tegal,20581.49,70023.36
541,2016-04-22,Apel,Probolinggo,20989.8,51993.94
542,2021-08-20,Alpukat,Kotamobagu,67441.41,51105.43
543,2015-01-18,Cabai Rawit,Bitung,59750.98,40063.77
544,2020-02-13,Bawang Putih,Jayapura,31408.43,74014.34
545,2016-12-06,Mangga,Blitar,56900.59,30423.68
546,2020-03-29,Cabai Rawit,Jayapura,29823.6,65794.77
547,2019-01-13,Cengkeh,Gorontalo,45473.27,13216.82
548,2018-07-10,Cengkeh,Bekasi,43977.25,67603.21
549,2021-08-27,Cengkeh,Surabaya,11522.9,51219.39
550,2021-10-24,Mangga,Gorontalo,68801.82,64235.42
551,2020-02-19,Kopi,Surabaya,28207.55,37440.23
552,2019-07-17,Alpukat,Bandar Lampung,38489.79,2847.95
553,2018-11-26,Apel,Kotamobagu,59599.86,76098.72
554,2020-01-06,Bawang Putih,Binjai,46389.18,41513.18
555,2018-04-20,Apel,Bitung,67148.74,25357.53
556,2015-04-25,Alpukat,Sibolga,35347.87,1911.33
557,2021-06-09,Kopi,Payakumbuh,57693.98,30273.27
558,2015-12-07,Mangga,Tangerang,54584.94,63464.18
559,2018-08-06,Alpukat,Tegal,27698.78,35650.28
560,2018-10-29,Cabai Rawit,Banjarbaru,3095.87,65524.9
561,2015-08-22,Bawang Merah,Pekalongan,72068.65,19473.15
562,2021-08-23,Teh,Palu,7229.23,24628.51
563,2018-12-27,Bawang Merah,Padang,7016.1,78272.27
564,2015-11-30,Teh,Cilegon,42643.61,65186.6
565,2019-01-17,Bawang Merah,Bandar Lampung,75931.84,47394.12
566,2022-03-03,Apel,Balikpapan,40579.15,57612.84
567,2017-03-22,Apel,Balikpapan,39709.96,31020.67
568,2017-11-01,Mangga,Depok,32978.12,12397.36
569,2017-09-24,Lada,Ambon,3581.63,8928.36
570,2018-03-03,Alpukat,Bekasi,56606.29,66059.46
571,2018-04-29,Teh,Kotamobagu,25377.71,30634.4
572,2015-06-01,Mangga,Bukittinggi,22169.98,61759.94
573,2018-07-25,Teh,Padang Sidempuan,17766.53,40983.63
574,2017-03-28,Mangga,Pekalongan,77208.8,41467.74
575,2022-02-27,Bawang Merah,Bandar Lampung,26126.35,51832.9
576,2019-09-30,Cengkeh,Dumai,18928.51,24798.63
577,2017-10-06,Teh,Purwokerto,46972.51,20322.35
578,2020-03-01,Kopi,Bandar Lampung,4529.95,47727.53
579,2020-02-25,Alpukat,Salatiga,35707.43,35801.52
580,2017-05-28,Alpukat,Magelang,13261.3,64577.23
581,2018-06-03,Bawang Putih,Tangerang,14903.58,60330.2
582,2020-05-28,Cengkeh,Samarinda,67914.88,43765.67
583,2019-03-18,Alpukat,Meulaboh,16961.54,31175.67
584,2021-06-12,Apel,Denpasar,30078.91,57807.5
585,2021-12-25,Alpukat,Mojokerto,41329.6,26264.7
586,2017-03-25,Bawang Putih,Tarakan,56856.21,14225.79
587,2022-04-25,Mangga,Palopo,14450.4,58898.66
588,2017-04-27,Cabai Rawit,Bima,28105.97,34885.7
589,2019-06-24,Alpukat,Cilegon,63133.5,46276.27
590,2019-03-07,Bawang Putih,Yogyakarta,57257.72,10940.1
591,2017-12-31,Bawang Putih,Mataram,16676.84,9463.38
592,2016-02-28,Cengkeh,Pematangsiantar,65640.42,2303.47
593,2016-04-28,Bawang Merah,Mojokerto,49710.79,18868.97
594,2017-05-21,Kopi,Prabumulih,42768.7,29953.42
595,2017-09-04,Lada,Denpasar,54008.17,4495.42
596,2016-12-18,Lada,Solok,43244.82,38001.84
597,2020-04-13,Alpukat,Ambon,74390.13,64205.2
598,2017-06-15,Teh,Batam,22934.91,71248.1
599,2020-08-13,Cabai Rawit,Palangkaraya,26162.28,64338.6
600,2020-12-19,Apel,Sabang,44814.47,47120.72
601,2019-01-08,Cengkeh,Madiun,72944.2,75058.44
602,2017-03-03,Lada,Surabaya,59944.13,40259.66
603,2015-10-10,Bawang Putih,Tarakan,23939.7,40122.9
604,2017-01-07,Kopi,Pangkalpinang,17945.96,33771.41
605,2020-08-04,Alpukat,Prabumulih,63061.87,11476.52
606,2018-12-25,Bawang Merah,Payakumbuh,78414.87,5509.94
607,2017-03-05,Alpukat,Surabaya,34940.73,20431.39
608,2020-09-19,Apel,Makassar,13258.97,31446.1
609,2015-01-05,Bawang Putih,Bontang,72349.74,34420.35
610,2019-04-03,Apel,Palembang,34691.59,36082.23
611,2017-11-29,Cengkeh,Sungai Penuh,59374.58,7739.41
612,2019-11-03,Teh,Prabumulih,33113.74,61788.75
613,2020-09-23,Mangga,Solok,53914.29,55757.92
614,2018-03-19,Cengkeh,Pariaman,56715.53,35945.13
615,2017-12-31,Kopi,Tangerang,52450.18,57331.55
616,2019-06-04,Cengkeh,Manado,31925.18,17249.96
617,2020-08-30,Cabai Rawit,Ternate,71120.97,39115.62
618,2020-09-18,Mangga,Cirebon,69322.26,60088.42
619,2015-07-29,Kopi,Dumai,47858.47,55853.66
620,2015-05-02,Cengkeh,Palu,53237.88,30405.4
621,2015-03-28,Lada,Sorong,7022.76,40564.35
622,2018-01-22,Mangga,Denpasar,37516.66,20308.86
623,2016-06-26,Teh,Bitung,49391.89,15313.15
624,2022-05-25,Kopi,Batu,4100.22,4478.9
625,2019-12-17,Cabai Rawit,Probolinggo,60305.46,50687.38
626,2016-12-03,Kopi,Malang,18856.75,8208.94
627,2015-08-21,Bawang Merah,Prabumulih,72117.78,68900.97
628,2018-06-24,Bawang Putih,Payakumbuh,67632.24,76337.61
629,2017-02-28,Teh,Denpasar,36694.9,57272.79
630,2020-05-14,Bawang Putih,Banda Aceh,21289.4,12438.7
631,2022-06-21,Apel,Singkawang,55375.59,54312.94
632,2018-12-05,Kopi,Pasuruan,79511.57,10038.5
633,2022-08-08,Mangga,Parepare,13811.98,8409.63
634,2015-05-01,Bawang Merah,Tidore Kepulauan,69602.4,49088.5
635,2015-02-28,Teh,Kota Administrasi Jakarta Selatan,70736.41,47815.75
636,2017-10-07,Alpukat,Kupang,19477.6,50925.38
637,2015-03-18,Lada,Bengkulu,60199.32,58757.3
638,2020-02-01,Alpukat,Kotamobagu,14147.2,62356.44
639,2018-04-14,Bawang Putih,Bitung,72516.54,38684.76
640,2021-11-06,Bawang Putih,Bandung,58619.76,58272.5
641,2018-08-07,Apel,Cirebon,47133.96,28532.85
642,2021-01-13,Lada,Metro,16367.93,69613.6
643,2019-05-18,Lada,Madiun,13685.74,50921.65
644,2022-01-18,Alpukat,Sungai Penuh,11678.35,1979.44
645,2015-01-05,Kopi,Samarinda,79184.61,59860.62
646,2015-01-19,Cengkeh,Denpasar,51981.48,62579.55
647,2017-07-23,Lada,Sibolga,51023.16,64236.58
648,2016-02-12,Bawang Merah,Bekasi,68356.58,21078.13
649,2020-04-10,Bawang Merah,Pagaralam,14430.74,59654.7
650,2017-11-12,Lada,Balikpapan,72095.95,1330.4
651,2020-12-01,Cabai Rawit,Bukittinggi,13606.44,5046.84
652,2016-03-12,Lada,Pematangsiantar,68681.52,39308.42
653,2018-11-13,Lada,Padang Sidempuan,32039.6,71328.98
654,2021-07-15,Cabai Rawit,Tarakan,25278.26,13300.8
655,2021-04-09,Cengkeh,Kota Administrasi Jakarta Barat,2706.37,70784.34
656,2021-05-09,Cabai Rawit,Blitar,39775.9,52752.13
657,2017-01-03,Cengkeh,Tanjungpinang,38788.43,57251.23
658,2015-05-05,Alpukat,Bandung,59935.2,16869.37
659,2015-08-15,Bawang Putih,Langsa,55690.53,77780.91
660,2017-05-10,Bawang Merah,Bau-Bau,69208.59,44800.74
661,2019-08-06,Alpukat,Tomohon,48672.2,18993.1
662,2018-06-18,Lada,Salatiga,35267.37,71843.14
663,2019-01-12,Cabai Rawit,Balikpapan,61368.37,50539.28
664,2022-05-05,Apel,Kupang,48264.16,14668.9
665,2016-09-28,Mangga,Kediri,74252.79,51001.5
666,2020-09-04,Lada,Padangpanjang,20269.86,25302.71
667,2020-03-21,Kopi,Bontang,45722.12,36106.32
668,2019-09-03,Kopi,Tasikmalaya,40261.72,50526.85
669,2017-03-25,Lada,Cimahi,4631.15,63935.19
670,2018-09-18,Alpukat,Semarang,31354.67,75412.44
671,2017-12-16,Apel,Sibolga,74340.58,61977.64
672,2017-08-24,Bawang Putih,Malang,8301.52,54210.91
673,2015-10-26,Cengkeh,Prabumulih,64482.79,77638.93
674,2019-01-05,Alpukat,Kupang,26578.22,75888.7
675,2021-02-09,Bawang Putih,Batam,29201.19,14576.29
676,2015-03-04,Apel,Pariaman,9034.15,49583.89
677,2016-05-02,Lada,Kota Administrasi Jakarta Utara,15161.7,47651.62
678,2020-10-15,Bawang Putih,Kota Administrasi Jakarta Timur,26949.82,37105.54
679,2022-06-21,Alpukat,Pangkalpinang,73528.6,58466.46
680,2016-11-08,Cabai Rawit,Banjar,23568.57,21321.85
681,2018-10-17,Bawang Putih,Pangkalpinang,57770.82,69327.42
682,2018-04-16,Bawang Putih,Bengkulu,16374.79,67231.17
683,2020-07-24,Mangga,Denpasar,12539.51,18287.72
684,2019-08-03,Teh,Tidore Kepulauan,17102.11,48946.65
685,2015-06-28,Kopi,Binjai,29156.2,59414.28
686,2020-07-25,Cengkeh,Tegal,24111.59,68208.7
687,2017-06-29,Bawang Putih,Sibolga,7336.62,15684.68
688,2020-02-11,Bawang Merah,Kendari,65290.99,55199.35
689,2019-07-02,Bawang Merah,Samarinda,56822.6,41142.77
690,2015-08-16,Alpukat,Bukittinggi,8994.66,59531.65
691,2021-11-15,Apel,Surabaya,15243.2,26441.48
692,2017-10-27,Alpukat,Sawahlunto,57475.77,47933.72
693,2022-06-24,Apel,Langsa,11218.2,30709.46
694,2015-06-21,Alpukat,Palangkaraya,59135.23,50890.57
695,2016-07-01,Kopi,Mojokerto,58632.37,66481.91
696,2017-09-01,Cabai Rawit,Sorong,21867.91,65814.84
697,2016-09-11,Bawang Putih,Dumai,25649.74,20135.65
698,2021-07-08,Cabai Rawit,Jayapura,43801.75,47410.62
699,2021-05-31,Bawang Putih,Tanjungpinang,12835.1,59049.29
700,2017-10-17,Apel,Surabaya,50438.64,68180.3
701,2021-10-31,Cengkeh,Surakarta,38802.71,31449.3
702,2015-09-29,Lada,Mojokerto,74698.48,14616.84
703,2022-01-23,Bawang Merah,Mataram,8580.58,46309.6
704,2020-03-03,Kopi,Medan,29783.6,51351.56
705,2016-04-17,Teh,Kotamobagu,14609.82,37144.11
706,2018-05-09,Lada,Palangkaraya,37033.2,24961.6
707,2017-10-17,Bawang Putih,Semarang,21580.35,44466.11
708,2017-07-17,Cabai Rawit,Kota Administrasi Jakarta Barat,76477.9,63897.38
709,2022-04-05,Bawang Putih,Bau-Bau,42518.31,26723.4
710,2017-09-28,Apel,Palembang,71441.37,50028.52
711,2021-12-05,Apel,Pekalongan,44335.49,55766.56
712,2015-08-26,Lada,Tebingtinggi,49549.78,43415.86
713,2017-09-06,Lada,Ternate,13955.55,69893.4
714,2017-06-12,Bawang Merah,Pekanbaru,22876.43,70630.18
715,2020-01-23,Apel,Jayapura,30438.27,16825.94
716,2022-05-19,Kopi,Kediri,53074.2,16485.97
717,2020-08-21,Apel,Malang,45604.14,47324.1
718,2021-02-05,Bawang Merah,Mojokerto,46157.58,53479.62
719,2019-12-20,Mangga,Kupang,60869.57,7757.14
720,2021-10-13,Mangga,Kota Administrasi Jakarta Selatan,11496.83,40353.27
721,2019-03-21,Cabai Rawit,Manado,46520.3,61751.79
722,2015-03-02,Cabai Rawit,Pariaman,69041.16,54779.55
723,2021-11-21,Cengkeh,Bau-Bau,21377.78,65576.76
724,2017-08-10,Mangga,Kota Administrasi Jakarta Barat,63067.51,62401.12
725,2022-03-28,Cabai Rawit,Kotamobagu,10479.45,7118.85
726,2022-01-24,Cengkeh,Malang,34316.94,34052.54
727,2017-09-18,Bawang Merah,Pekalongan,70687.62,65721.49
728,2015-04-19,Mangga,Batu,68134.96,7154.38
729,2019-11-06,Cengkeh,Sibolga,54191.37,31400.32
730,2020-03-02,Cabai Rawit,Pagaralam,63646.98,14919.59
731,2015-12-12,Bawang Merah,Tangerang,63786.73,38699.18
732,2016-04-20,Alpukat,Kota Administrasi Jakarta Selatan,39726.2,57598.38
733,2018-04-02,Cengkeh,Subulussalam,63719.23,10460.1
734,2016-05-28,Cengkeh,Sabang,16187.47,56102.75
735,2020-08-11,Alpukat,Banjar,59378.7,52366.55
736,2016-09-18,Bawang Putih,Tebingtinggi,31410.58,23247.54
737,2021-01-22,Kopi,Bengkulu,53294.61,53902.42
738,2022-07-17,Lada,Makassar,72933.24,9551.25
739,2021-11-03,Mangga,Solok,33487.26,34397.56
740,2021-12-21,Teh,Palopo,48057.72,33593.82
741,2015-12-11,Cengkeh,Singkawang,32088.14,51475.56
742,2016-10-03,Apel,Bima,15635.34,18994.2
743,2015-11-21,Cengkeh,Pekalongan,47853.69,7549.1
744,2015-07-09,Alpukat,Bitung,40716.7,63073.54
745,2016-12-09,Apel,Tebingtinggi,16295.95,44538.58
746,2021-12-28,Kopi,Tomohon,52214.1,62932.87
747,2017-11-17,Lada,Prabumulih,19401.65,40111.65
748,2021-11-12,Kopi,Tebingtinggi,26703.5,66253.87
749,2018-11-11,Teh,Malang,14898.39,24827.12
750,2017-04-07,Mangga,Bukittinggi,64826.7,61282.45
751,2021-06-02,Cabai Rawit,Palangkaraya,12136.61,33539.89
752,2018-10-24,Bawang Putih,Tanjungpinang,75918.2,67332.38
753,2021-12-27,Teh,Tarakan,42274.43,74537.12
754,2018-03-04,Teh,Ternate,31697.61,56050.89
755,2017-04-24,Teh,Pematangsiantar,30201.64,61672.33
756,2017-05-12,Teh,Mataram,42897.47,10814.14
757,2016-06-12,Alpukat,Bekasi,44214.85,28089.59
758,2016-09-12,Cengkeh,Kota Administrasi Jakarta Pusat,59265.95,32973.86
759,2016-06-30,Mangga,Ambon,16783.41,61215.37
760,2017-05-05,Cabai Rawit,Magelang,6067.98,61889.6
761,2018-01-11,Apel,Meulaboh,4864.96,48261.88
762,2021-02-03,Cengkeh,Cimahi,36248.74,74521.13
763,2019-12-25,Mangga,Palangkaraya,75907.75,63177.46
764,2022-06-29,Cengkeh,Medan,22147.38,46799.56
765,2021-09-02,Kopi,Payakumbuh,78818.55,40719.24
766,2019-11-21,Cabai Rawit,Makassar,70069.1,63772.98
767,2020-06-16,Alpukat,Metro,76818.33,29823.78
768,2022-06-03,Bawang Putih,Banjarmasin,35599.5,23596.52
769,2015-04-23,Cabai Rawit,Sungai Penuh,18177.47,54555.81
770,2022-01-06,Teh,Pontianak,1252.44,29754.23
771,2016-02-14,Cengkeh,Pekalongan,70914.94,64015.8
772,2022-02-17,Apel,Palopo,63289.57,55610.14
773,2019-08-05,Teh,Tangerang Selatan,19394.44,76836.7
774,2015-03-05,Alpukat,Batam,36835.5,72638.43
775,2017-10-16,Cengkeh,Bandar Lampung,16936.15,47006.46
776,2022-06-06,Cabai Rawit,Kota Administrasi Jakarta Utara,23024.55,5113.23
777,2018-01-12,Cabai Rawit,Denpasar,38997.43,6514.98
778,2019-10-17,Kopi,Padang,7888.4,2578.15
779,2020-06-22,Teh,Batu,20155.81,76131.57
780,2020-12-25,Alpukat,Banjarmasin,41135.2,55472.39
781,2018-05-19,Cabai Rawit,Langsa,44929.46,43986.9
782,2016-10-06,Kopi,Mataram,15622.91,59469.85
783,2021-02-02,Alpukat,Tasikmalaya,25688.54,34283.7
784,2021-03-21,Bawang Merah,Kota Administrasi Jakarta Selatan,28275.57,38341.35
785,2018-02-02,Lada,Bontang,18734.14,65712.33
786,2016-01-22,Teh,Bima,2676.57,56662.5
787,2017-01-06,Cengkeh,Mataram,18825.89,9900.65
788,2021-08-21,Mangga,Kota Administrasi Jakarta Utara,3457.84,21478.96
789,2018-06-20,Bawang Merah,Ambon,75823.1,58306.56
790,2018-04-26,Lada,Cimahi,61655.46,57690.1
791,2022-01-16,Kopi,Bengkulu,27870.51,77922.14
792,2017-12-25,Teh,Pasuruan,79598.33,36064.17
793,2018-03-24,Mangga,Cirebon,71212.23,49563.64
794,2018-02-26,Bawang Merah,Manado,28680.55,22625.0
795,2015-09-14,Kopi,Kota Administrasi Jakarta Timur,62955.83,26152.33
796,2019-09-08,Bawang Merah,Makassar,14222.56,54416.83
797,2016-03-13,Apel,Kota Administrasi Jakarta Timur,24352.17,62647.42
798,2019-06-23,Bawang Putih,Tanjungpinang,20841.48,64332.28
799,2015-02-03,Teh,Bima,78875.77,36536.44
800,2020-12-22,Apel,Padang Sidempuan,59415.74,67862.23
801,2019-04-05,Alpukat,Pekalongan,1903.88,34357.86
802,2018-04-06,Teh,Padang,26718.59,67862.96
803,2021-11-21,Bawang Putih,Palembang,24346.63,35681.97
804,2017-01-30,Apel,Probolinggo,50444.2,32102.92
805,2021-06-03,Bawang Merah,Subulussalam,78517.82,64735.54
806,2021-05-20,Lada,Purwokerto,30050.6,23471.31
807,2017-04-17,Kopi,Pontianak,28113.39,32391.44
808,2018-06-14,Alpukat,Manado,9229.9,70252.23
809,2019-04-06,Cabai Rawit,Tanjungbalai,12038.56,72587.0
810,2019-07-27,Apel,Batam,44490.58,73349.78
811,2020-03-06,Bawang Putih,Kota Administrasi Jakarta Pusat,69188.96,42679.27
812,2015-04-12,Mangga,Pekanbaru,42377.15,1506.48
813,2017-11-06,Cengkeh,Batam,55891.75,30413.6
814,2015-01-06,Bawang Merah,Malang,73323.49,68608.7
815,2017-06-18,Mangga,Kota Administrasi Jakarta Pusat,18813.41,27555.95
816,2017-11-07,Teh,Mojokerto,15484.16,49742.18
817,2021-01-23,Lada,Pagaralam,27351.1,73628.89
818,2019-04-21,Teh,Malang,18605.18,64921.97
819,2021-12-09,Bawang Merah,Semarang,15021.45,24093.78
820,2020-12-04,Cabai Rawit,Kota Administrasi Jakarta Timur,64455.43,47708.97
821,2017-04-12,Kopi,Serang,64505.21,31213.57
822,2017-04-10,Alpukat,Kotamobagu,6815.1,40649.47
823,2022-03-03,Kopi,Cirebon,11143.19,60412.33
824,2020-09-22,Bawang Merah,Tomohon,63438.64,24619.7
825,2018-03-29,Apel,Kota Administrasi Jakarta Timur,43076.5,77643.34
826,2016-06-17,Cabai Rawit,Surabaya,6623.82,61404.18
827,2019-04-10,Mangga,Bekasi,52985.64,75298.55
828,2019-06-25,Bawang Putih,Sabang,3244.4,55329.8
829,2015-04-17,Mangga,Banjarbaru,41423.11,49775.22
830,2019-03-28,Apel,Singkawang,36118.72,25567.89
831,2018-10-04,Apel,Madiun,46302.86,54424.33
832,2015-11-09,Lada,Bukittinggi,76005.69,69385.69
833,2021-05-09,Cabai Rawit,Prabumulih,45992.59,62186.53
834,2016-06-30,Mangga,Bau-Bau,19559.41,50642.16
835,2019-01-07,Cengkeh,Medan,4119.3,16407.72
836,2020-08-04,Teh,Sibolga,25005.41,8125.49
837,2015-06-03,Kopi,Samarinda,61183.62,72597.74
838,2018-10-27,Cengkeh,Kendari,17937.7,16432.2
839,2017-01-07,Apel,Metro,29522.12,76255.84
840,2021-11-13,Cabai Rawit,Padang Sidempuan,79521.49,38446.61
841,2021-03-31,Lada,Dumai,49727.27,48630.15
842,2017-03-10,Apel,Langsa,8419.44,60033.62
843,2017-09-20,Bawang Putih,Pagaralam,12915.81,57288.7
844,2016-03-01,Bawang Merah,Kotamobagu,6593.15,28469.2
845,2018-08-14,Cabai Rawit,Pekalongan,78642.74,6513.78
846,2021-02-16,Bawang Putih,Malang,33913.62,54241.64
847,2021-02-06,Bawang Putih,Kotamobagu,22418.28,14332.52
848,2016-10-04,Cabai Rawit,Mojokerto,48425.63,44599.29
849,2016-03-08,Apel,Batam,65937.94,24310.2
850,2021-12-06,Kopi,Tangerang Selatan,59148.28,74387.92
851,2018-09-15,Bawang Merah,Purwokerto,13717.92,52215.89
852,2016-03-25,Bawang Putih,Cirebon,47678.25,77768.13
853,2017-09-07,Mangga,Batu,51387.45,12542.18
854,2018-11-06,Cabai Rawit,Pasuruan,49688.79,4048.4
855,2021-01-28,Bawang Merah,Purwokerto,49736.97,25400.55
856,2018-04-08,Bawang Putih,Jayapura,16333.41,3807.67
857,2019-09-25,Apel,Pontianak,16857.79,14907.4
858,2022-07-09,Cabai Rawit,Bengkulu,49465.56,13378.78
859,2022-06-02,Cengkeh,Tarakan,54965.8,49684.31
860,2015-06-28,Cengkeh,Tanjungbalai,4037.14,64025.1
861,2018-08-05,Cabai Rawit,Salatiga,52413.1,25414.74
862,2020-12-06,Cengkeh,Gorontalo,75605.67,11946.88
863,2017-05-09,Alpukat,Langsa,38307.26,31222.98
864,2022-02-24,Apel,Medan,74293.14,14304.42
865,2015-08-06,Teh,Tegal,64715.69,56227.53
866,2022-07-22,Kopi,Bandar Lampung,55919.72,4726.59
867,2017-09-06,Alpukat,Kota Administrasi Jakarta Pusat,53907.3,4709.8
868,2021-10-19,Alpukat,Surabaya,46869.7,11965.16
869,2019-09-14,Bawang Putih,Purwokerto,61436.35,5753.76
870,2019-06-06,Lada,Cirebon,58664.17,48640.28
871,2020-11-04,Bawang Putih,Blitar,65830.57,3745.34
872,2022-02-12,Cabai Rawit,Salatiga,43011.53,20452.73
873,2015-12-22,Cengkeh,Kupang,73834.57,75814.17
874,2021-09-11,Lada,Kupang,35291.88,54230.14
875,2019-02-05,Lada,Samarinda,4610.54,9867.78
876,2019-10-31,Apel,Serang,55619.2,77376.22
877,2022-06-09,Cabai Rawit,Cimahi,49227.45,33841.7
878,2015-02-13,Teh,Metro,53883.0,60767.52
879,2017-07-11,Alpukat,Yogyakarta,54014.41,4632.19
880,2016-12-15,Bawang Merah,Palu,73065.34,5832.28
881,2017-05-06,Lada,Bengkulu,60037.4,6089.19
882,2016-10-02,Cabai Rawit,Madiun,18027.42,55842.52
883,2020-04-24,Apel,Ternate,14812.68,58614.53
884,2017-08-27,Teh,Kota Administrasi Jakarta Utara,63610.65,49254.18
885,2021-07-28,Lada,Bau-Bau,46444.75,13331.52
886,2019-04-13,Bawang Putih,Tual,4427.5,7212.1
887,2016-08-29,Cengkeh,Palangkaraya,28371.39,43871.31
888,2022-04-13,Alpukat,Cilegon,37608.4,55187.27
889,2015-08-16,Apel,Padang,21958.98,37230.9
890,2018-07-01,Bawang Putih,Payakumbuh,43613.85,79221.46
891,2019-12-22,Lada,Dumai,33531.96,46132.39
892,2017-09-22,Teh,Makassar,68936.38,50997.24
893,2019-05-02,Mangga,Tidore Kepulauan,64160.33,48887.6
894,2019-01-08,Kopi,Palangkaraya,16105.23,60802.98
895,2022-05-21,Apel,Pariaman,59858.19,25614.27
896,2016-03-16,Cengkeh,Metro,60505.55,17436.19
897,2018-11-16,Alpukat,Kota Administrasi Jakarta Pusat,75338.4,62918.97
898,2016-04-05,Bawang Merah,Tarakan,42448.0,47328.14
899,2018-11-04,Kopi,Jayapura,60250.78,41285.52
900,2016-08-18,Kopi,Sorong,79877.69,32606.34
901,2015-04-06,Alpukat,Payakumbuh,29298.53,16050.3
902,2018-01-06,Kopi,Palu,2680.39,3535.41
903,2016-10-22,Apel,Bandar Lampung,73759.33,26207.0
904,2018-12-01,Cabai Rawit,Jambi,33613.94,40537.35
905,2018-01-11,Alpukat,Langsa,59384.19,20900.3
906,2017-01-29,Teh,Semarang,72521.51,27514.65
907,2022-05-30,Mangga,Metro,77557.97,41170.54
908,2019-09-24,Mangga,Banjar,68197.16,12685.37
909,2021-04-30,Lada,Kota Administrasi Jakarta Selatan,18800.44,43036.42
910,2017-10-31,Cengkeh,Malang,52882.13,49079.36
911,2018-04-12,Apel,Mojokerto,43594.4,76133.56
912,2018-07-11,Teh,Kota Administrasi Jakarta Barat,38124.68,40202.72
913,2017-02-19,Alpukat,Bandar Lampung,50578.8,2558.82
914,2021-12-05,Bawang Merah,Denpasar,35224.59,39632.54
915,2017-01-10,Kopi,Pematangsiantar,14645.38,33482.36
916,2019-11-08,Lada,Bontang,72128.15,1998.21
917,2022-04-27,Cengkeh,Pasuruan,58444.13,68752.1
918,2017-11-14,Teh,Tangerang,62881.5,64729.52
919,2016-04-17,Bawang Putih,Sabang,21212.3,58910.48
920,2019-09-15,Bawang Merah,Dumai,7163.4,35411.9
921,2020-08-08,Kopi,Padang Sidempuan,24189.25,1327.3
922,2018-03-30,Bawang Putih,Kendari,4532.44,23685.62
923,2018-10-31,Lada,Padang Sidempuan,9710.85,52269.2
924,2016-06-30,Lada,Kediri,8354.4,30487.13
925,2021-04-09,Bawang Putih,Manado,5446.62,32686.22
926,2019-10-05,Lada,Banjarmasin,74367.64,39860.85
927,2021-11-14,Kopi,Bandar Lampung,32445.27,9764.17
928,2019-08-25,Cengkeh,Denpasar,78046.27,12868.14
929,2016-10-29,Teh,Bandar Lampung,75510.69,72131.64
930,2016-04-24,Cengkeh,Bandar Lampung,14542.3,55216.85
931,2015-10-27,Cengkeh,Subulussalam,3890.13,25445.7
932,2018-04-16,Alpukat,Pangkalpinang,28029.9,78316.91
933,2022-07-13,Cengkeh,Banjarbaru,63708.3,15291.68
934,2017-08-20,Alpukat,Palangkaraya,14898.35,18981.62
935,2018-08-24,Bawang Merah,Pasuruan,38286.52,17668.33
936,2015-11-28,Teh,Surabaya,16357.19,64761.19
937,2018-06-15,Alpukat,Pasuruan,15037.11,69901.2
938,2017-10-11,Cengkeh,Purwokerto,15217.74,9695.29
939,2015-09-21,Lada,Langsa,31118.4,56578.35
940,2018-12-27,Kopi,Kupang,6128.34,1516.45
941,2020-04-28,Cabai Rawit,Mojokerto,30774.1,40031.31
942,2021-11-01,Cengkeh,Lubuklinggau,47551.1,32556.3
943,2021-05-02,Apel,Dumai,65787.54,1187.4
944,2017-07-19,Teh,Langsa,77948.32,15603.2
945,2020-12-20,Mangga,Dumai,33907.57,6506.72
946,2015-08-23,Mangga,Gorontalo,45568.62,65149.74
947,2019-03-24,Bawang Merah,Padang Sidempuan,28462.39,15332.13
948,2021-05-24,Bawang Merah,Kediri,47787.23,72943.64
949,2022-04-10,Kopi,Probolinggo,28425.93,9270.82
950,2021-11-20,Apel,Tasikmalaya,52116.11,59274.57
951,2022-02-09,Lada,Palembang,79656.12,3586.59
952,2019-01-05,Teh,Probolinggo,21034.89,37762.57
953,2017-01-10,Apel,Padang Sidempuan,62649.82,50938.84
954,2022-06-26,Cengkeh,Malang,13581.83,13080.64
955,2020-03-28,Mangga,Kediri,20385.4,41022.59
956,2020-03-26,Alpukat,Binjai,22063.37,44486.69
957,2015-01-18,Cengkeh,Manado,18296.95,18788.49
958,2019-08-16,Kopi,Semarang,2939.39,51357.96
959,2021-03-05,Alpukat,Kotamobagu,67912.67,73293.15
960,2017-11-24,Bawang Putih,Tarakan,5022.71,74421.32
961,2016-03-31,Bawang Merah,Tual,72105.5,41305.13
962,2016-10-06,Cengkeh,Payakumbuh,45526.43,30671.64
963,2016-04-27,Alpukat,Pematangsiantar,3590.11,67013.14
964,2015-10-01,Apel,Tual,14883.96,74611.48
965,2018-12-11,Alpukat,Pematangsiantar,16167.14,64650.95
966,2017-05-13,Bawang Merah,Malang,74004.85,8535.19
967,2021-05-14,Lada,Tomohon,28623.87,22859.62
968,2016-12-30,Cabai Rawit,Dumai,19074.37,76793.66
969,2019-09-24,Bawang Merah,Lubuklinggau,74238.4,67046.98
970,2020-11-18,Cabai Rawit,Bandar Lampung,64493.66,40290.23
971,2019-01-12,Alpukat,Jambi,42688.92,29553.4
972,2018-03-30,Cengkeh,Manado,69508.56,54663.86
973,2019-04-19,Teh,Kendari,16835.18,43514.1
974,2017-03-01,Bawang Merah,Tanjungpinang,65828.42,68510.4
975,2020-07-27,Cengkeh,Kotamobagu,78629.96,74416.54
976,2016-09-07,Kopi,Pontianak,36844.34,2241.5
977,2021-08-02,Lada,Tanjungpinang,4243.0,60486.42
978,2015-01-07,Apel,Banjar,8135.79,61434.1
979,2021-06-17,Apel,Sukabumi,75973.21,78778.92
980,2017-04-02,Apel,Probolinggo,1147.6,54391.38
981,2018-12-28,Bawang Merah,Kupang,9350.13,15448.7
982,2019-05-11,Cabai Rawit,Mataram,25923.31,48555.61
983,2021-01-02,Bawang Putih,Bukittinggi,77500.42,35795.93
984,2020-02-20,Apel,Makassar,19998.86,11875.54
985,2020-02-14,Cengkeh,Bima,16536.86,76918.74
986,2022-06-12,Lada,Tanjungbalai,42044.81,76446.86
987,2018-05-07,Lada,Kota Administrasi Jakarta Timur,68876.46,56772.1
988,2016-11-14,Kopi,Tangerang Selatan,50372.55,71262.55
989,2015-08-23,Mangga,Tasikmalaya,73852.32,32148.36
990,2018-09-30,Teh,Prabumulih,59169.29,38719.88
991,2018-08-03,Alpukat,Pasuruan,72992.3,20410.5
992,2018-08-02,Mangga,Yogyakarta,65959.43,52249.49
993,2018-12-28,Kopi,Tanjungpinang,42635.68,36567.25
994,2016-08-21,Bawang Merah,Padangpanjang,51710.77,21669.42
995,2018-05-26,Lada,Jambi,71103.15,57414.43
996,2018-05-09,Alpukat,Tegal,48838.32,30359.48
997,2017-12-10,Cengkeh,Makassar,53948.74,36129.55
998,2018-09-07,Cabai Rawit,Surabaya,45056.31,47381.69
999,2015-07-24,Apel,Malang,73683.61,44792.47
